name,namespace,description,created_at,updated_at,url,homepage,rm,archive,lab_project,personal_project,workshops_and_colearning,methods,meta_lab,is_package,uses_targets
Movement,WEEL_grp,"R scripts for analysis of animal movement (eg: step length, kernel overlap)",2016-12-15T15:17:52.642Z,2024-01-20T10:07:43.200Z,https://gitlab.com/WEEL_grp/movement.git,https://gitlab.com/WEEL_grp/movement,,,,,,TRUE,,,
Implementations,WEEL_grp,"Implementations of methods from other repositories, specific use cases. ",2016-12-15T15:17:52.666Z,2023-06-20T18:30:28.827Z,https://gitlab.com/WEEL_grp/implementations.git,https://gitlab.com/WEEL_grp/implementations,,,,,,TRUE,,,
Core,WEEL_grp,"Documentation and instruction for using repository, Git, R style guide, etc. ",2016-12-15T15:17:52.688Z,2024-01-20T09:07:40.893Z,https://gitlab.com/WEEL_grp/core.git,https://gitlab.com/WEEL_grp/core,,,,,,TRUE,,,
Miscellaneous,WEEL_grp,Miscellaneous... so far: text mining.,2016-12-15T15:17:52.710Z,2024-01-20T09:07:40.789Z,https://gitlab.com/WEEL_grp/miscellaneous.git,https://gitlab.com/WEEL_grp/miscellaneous,,,,,,TRUE,,,
Network,WEEL_grp,"R scripts for network analysis (eg: HWI, HWIG, groups from locs, pairwise distance)",2017-01-07T18:52:48.020Z,2024-01-20T09:36:03.432Z,https://gitlab.com/WEEL_grp/Network.git,https://gitlab.com/WEEL_grp/Network,,,,,,TRUE,,,
LitMine_OceanTemp_HostPatho,robitalec,,2017-03-03T16:30:50.846Z,2024-01-19T22:23:47.549Z,https://gitlab.com/robitalec/LitMine_OceanTemp_HostPatho.git,https://gitlab.com/robitalec/LitMine_OceanTemp_HostPatho,,,,TRUE,,,,,
ee-robitalec,robitalec,Earth Engine repo pulls + R scripts for external processing,2017-04-19T15:06:39.905Z,2024-01-20T00:05:58.947Z,https://gitlab.com/robitalec/ee_robitalec.git,https://gitlab.com/robitalec/ee_robitalec,,,,,,TRUE,,,
ecta-app-tiles,robitalec,,2017-05-19T20:03:31.934Z,2024-01-20T01:08:37.743Z,https://gitlab.com/robitalec/ecta-app-tiles.git,https://gitlab.com/robitalec/ecta-app-tiles,,,,TRUE,,,,,
guides,robitalec,"for building wikis, how-tos, documentation",2017-08-01T22:13:41.145Z,2024-01-18T17:47:28.374Z,https://gitlab.com/robitalec/guides.git,https://gitlab.com/robitalec/guides,,,,,TRUE,,,,
spatsoc,ropensci,:package: spatsoc is an R package for detecting spatial and temporal groups in GPS relocations. ,2017-08-01T22:23:05.644Z,2024-11-22T20:48:43.547Z,https://github.com/ropensci/spatsoc,https://docs.ropensci.org/spatsoc,,,,TRUE,,TRUE,,TRUE,
MRSF,WEEL_grp,,2017-10-27T13:41:25.715Z,2024-01-19T01:26:23.736Z,https://gitlab.com/WEEL_grp/MRSF.git,https://gitlab.com/WEEL_grp/MRSF,,,,,,TRUE,,,
fitness_models,WEEL_grp,DeMars fitness models for caribou herds,2017-12-13T14:50:31.060Z,2024-01-18T13:54:31.517Z,https://gitlab.com/WEEL_grp/fitness_models.git,https://gitlab.com/WEEL_grp/fitness_models,,,,,,TRUE,,,
GIS,WEEL_grp,,2018-02-16T16:46:17.169Z,2024-01-18T20:59:28.461Z,https://gitlab.com/WEEL_grp/GIS.git,https://gitlab.com/WEEL_grp/GIS,,,,,,TRUE,,,
global-pig,robitalec,,2018-04-20T15:44:43.913Z,2024-01-19T05:21:20.510Z,https://gitlab.com/robitalec/global-pig.git,https://gitlab.com/robitalec/global-pig,,,TRUE,,,,,,
LapoileSeasonRange,WEEL_grp,,2018-07-04T15:25:34.103Z,2024-01-18T23:38:49.824Z,https://gitlab.com/WEEL_grp/LapoileSeasonRange.git,https://gitlab.com/WEEL_grp/LapoileSeasonRange,,,,,,TRUE,,,
co-occurrence-simulation,qwebber,,2018-09-15T13:12:20.039Z,2024-01-11T12:23:24.657Z,https://gitlab.com/qwebber/co-occurrence-simulation.git,https://gitlab.com/qwebber/co-occurrence-simulation,,,,,,TRUE,,,
NN matrix correlation,qwebber,,2018-09-18T15:38:17.601Z,2024-01-11T13:12:40.810Z,https://gitlab.com/qwebber/nn-matrix-correlation.git,https://gitlab.com/qwebber/nn-matrix-correlation,,,,,,TRUE,,,
view-gpx,WEEL_grp,Use this Rproject to view GPX data from GPS units,2018-09-24T15:11:08.965Z,2024-01-11T14:32:05.869Z,https://gitlab.com/WEEL_grp/view-gpx.git,https://gitlab.com/WEEL_grp/view-gpx,,,,,,TRUE,,,
IRG-in-EE,robitalec,IRG in Earth Engine,2018-10-02T18:01:36.505Z,2024-01-11T17:23:47.394Z,https://gitlab.com/robitalec/irg-in-ee.git,https://gitlab.com/robitalec/irg-in-ee,,,,,,TRUE,,,
argos-RMNP,WEEL_grp,attempts to read in RMNP Argos data,2018-10-19T18:34:36.386Z,2024-01-11T21:15:52.601Z,https://gitlab.com/WEEL_grp/argos-rmnp.git,https://gitlab.com/WEEL_grp/argos-rmnp,,,,,,TRUE,,,
reel,WEEL_grp,**R** package for the (W)ildlife **E**volutionary **E**cology **L**ab,2018-10-23T18:41:51.259Z,2024-01-11T22:14:15.578Z,https://gitlab.com/WEEL_grp/reel.git,https://gitlab.com/WEEL_grp/reel,,,,,,TRUE,,,
funct-resp-ind-diff-RSF,WEEL_grp,,2018-10-24T16:48:58.388Z,2024-01-11T22:28:01.198Z,https://gitlab.com/WEEL_grp/funct-resp-ind-diff-rsf.git,https://gitlab.com/WEEL_grp/funct-resp-ind-diff-rsf,,,,TRUE,,TRUE,,,
toast,robitalec,Very dry.,2018-10-25T15:29:17.952Z,2024-01-11T21:50:45.921Z,https://gitlab.com/robitalec/toast.git,https://gitlab.com/robitalec/toast,,,,,,TRUE,,,
spatially-explicit-kp-rates,WEEL_grp,"Spatially explicit kill and predation rates
",2018-10-26T16:32:17.216Z,2024-01-11T22:57:22.143Z,https://gitlab.com/WEEL_grp/spatially-explicit-kp-rates.git,https://gitlab.com/WEEL_grp/spatially-explicit-kp-rates,,,,TRUE,,,,,
beaver-transects,WEEL_grp,,2018-11-01T14:01:34.475Z,2024-01-12T00:12:49.522Z,https://gitlab.com/WEEL_grp/beaver-transects.git,https://gitlab.com/WEEL_grp/beaver-transects,,,,TRUE,,,,,
irg,robitalec,:package: irg is an R package for calculating the instantaneous rate of green-up.,2018-12-05T21:18:27Z,2024-11-10T18:56:19Z,https://github.com/robitalec/irg,https://robitalec.github.io/irg/,,,,,,TRUE,,TRUE,
Fogo Caribou,WEEL_grp,Fogo Caribou GPS data,2018-12-10T14:20:07.921Z,2024-01-16T00:26:15.314Z,https://gitlab.com/WEEL_grp/fogo-caribou.git,https://gitlab.com/WEEL_grp/fogo-caribou,,,,,,TRUE,TRUE,,
camera-grids,WEEL_grp,,2018-12-21T20:48:16.587Z,2024-01-16T02:59:01.297Z,https://gitlab.com/WEEL_grp/camera-grids.git,https://gitlab.com/WEEL_grp/camera-grids,,,,,,TRUE,,,
Jaclyn-beluga,WEEL_grp,"Processing J-watcher output files, organizing and calculating offspring behaviours and escorted associations. ",2019-01-07T13:39:14.759Z,2024-01-11T09:46:55.330Z,https://gitlab.com/WEEL_grp/jaclyn-beluga.git,https://gitlab.com/WEEL_grp/jaclyn-beluga,,,,TRUE,,,,,
spatsoc-webinar,robitalec,,2019-01-11T23:23:25.961Z,2024-01-10T19:46:21.833Z,https://gitlab.com/robitalec/spatsoc-webinar.git,https://gitlab.com/robitalec/spatsoc-webinar,,,,,TRUE,,,,
try-rust,robitalec,,2019-01-19T20:24:10.335Z,2024-01-11T12:43:03.865Z,https://gitlab.com/robitalec/try-rust.git,https://gitlab.com/robitalec/try-rust,,,,,,TRUE,,,
camtrapmonitoring,robitalec,:package: camtrapmonitoring is an R package for planning and evaluating camera trap surveys and (soon) estimating wildlife density. Formerly named {wildcam}.,2019-01-24T03:09:13Z,2024-06-25T14:02:09Z,https://github.com/robitalec/camtrapmonitoring,https://robitalec.github.io/camtrapmonitoring/,,,,,,TRUE,,TRUE,
SocCaribou,wildlifeevoeco,:notebook: Space-use and social organization in a gregarious ungulate,2019-02-28T18:36:10Z,2021-08-06T15:43:00Z,https://github.com/wildlifeevoeco/SocCaribou,https://onlinelibrary.wiley.com/doi/full/10.1002/ece3.5071,,,TRUE,,,,,,
HyenaEarlyRelationshipsFitness,JWTurner,:notebook: Early life relationships matter: Social position during early life predicts fitness among female spotted hyenas,2019-03-01T23:25:48.566Z,2024-01-11T06:30:43.841Z,https://gitlab.com/JWTurner/HyenaEarlyRelationshipsFitness.git,https://gitlab.com/JWTurner/HyenaEarlyRelationshipsFitness,,,,TRUE,,,,,
hwig,robitalec,:package: hwig is an R package for calculating gregariousness adjusted half-weight index.,2019-03-04T23:35:22Z,2023-03-03T22:16:32Z,https://github.com/robitalec/hwig,,,,,,,TRUE,,TRUE,
amt-by,WEEL_grp,,2019-03-26T19:13:44.579Z,2024-01-09T17:18:43.408Z,https://gitlab.com/WEEL_grp/amt-by.git,https://gitlab.com/WEEL_grp/amt-by,,,,,,TRUE,,,
maps-in-gg,WEEL_grp,Forget about arc! Let's make maps in gg!! :),2019-04-07T22:06:29.569Z,2024-01-12T00:42:05.848Z,https://gitlab.com/WEEL_grp/maps-in-gg.git,https://gitlab.com/WEEL_grp/maps-in-gg,,,,,TRUE,TRUE,,,
EWC-2019,WEEL_grp,,2019-04-24T12:08:21.466Z,2024-01-11T11:23:46.300Z,https://gitlab.com/WEEL_grp/ewc-2019.git,https://gitlab.com/WEEL_grp/ewc-2019,,,TRUE,,,,,,
ee-helpers,robitalec,,2019-05-02T17:57:38.201Z,2024-01-11T03:15:57.365Z,https://gitlab.com/robitalec/ee-helpers.git,https://gitlab.com/robitalec/ee-helpers,,,,,,TRUE,,,
spatsoc-application-paper,robitalec,:notebook: Conducting social network analysis with animal telemetry data: applications and methods using spatsoc,2019-05-14T19:28:40.960Z,2024-01-11T13:51:57.354Z,https://gitlab.com/robitalec/spatsoc-application-paper.git,https://gitlab.com/robitalec/spatsoc-application-paper,,,,TRUE,,,,,
workshops,robitalec,,2019-05-28T17:02:07.933Z,2024-01-10T19:49:15.721Z,https://gitlab.com/robitalec/workshops.git,https://gitlab.com/robitalec/workshops,,,,,TRUE,,,,
Elk Density iSSA,WEEL_grp,,2019-06-22T03:07:03.760Z,2024-01-09T08:57:14.210Z,https://gitlab.com/WEEL_grp/elk-density-issa.git,https://gitlab.com/WEEL_grp/elk-density-issa,,,,TRUE,,,,,
test-gitahead,robitalec,,2019-06-23T01:54:15.879Z,2024-01-09T09:02:10.268Z,https://gitlab.com/robitalec/test-gitahead.git,https://gitlab.com/robitalec/test-gitahead,,,,,,TRUE,,,
try-writing-group,robitalec,,2019-08-04T18:52:19.502Z,2024-01-15T21:08:24.309Z,https://gitlab.com/robitalec/try-writing-group.git,https://gitlab.com/robitalec/try-writing-group,,,,,,TRUE,,,
ScaleInMultilayerNetworks,robitalec,:notebook: Package Accompanying: The problem and promise of scale in multilayer animal social networks.,2019-09-10T14:12:21.290Z,2024-01-09T09:23:31.771Z,https://gitlab.com/robitalec/scale-in-multilayer-networks.git,https://gitlab.com/robitalec/scale-in-multilayer-networks,,,,TRUE,,,,,
wolf_clusters,WEEL_grp,,2019-09-10T17:27:15.341Z,2024-01-09T09:11:59.569Z,https://gitlab.com/WEEL_grp/wolf_clusters.git,https://gitlab.com/WEEL_grp/wolf_clusters,,,,TRUE,,,,,
MovingAcrossGradients,wildlifeevoeco,:notebook: The ecology of individual differences empirically applied to space-use and movement tactics,2019-12-09T19:04:49Z,2020-08-05T16:40:54Z,https://github.com/wildlifeevoeco/MovingAcrossGradients,,,,TRUE,,,,,,
individual_FR,WEEL_grp,,2020-02-06T15:00:42.239Z,2023-12-07T02:57:09.065Z,https://gitlab.com/WEEL_grp/individual_fr.git,https://gitlab.com/WEEL_grp/individual_fr,,,,TRUE,,,,,
slides.robitalec.ca,robitalec,,2020-02-06T17:04:16.324Z,2023-12-09T10:52:22.824Z,https://gitlab.com/robitalec/slides.robitalec.ca.git,https://gitlab.com/robitalec/slides.robitalec.ca,,,,,TRUE,,,,
nl-landcover,WEEL_grp,,2020-02-10T21:06:58.243Z,2023-12-08T20:50:16.175Z,https://gitlab.com/WEEL_grp/nl-landcover.git,https://gitlab.com/WEEL_grp/nl-landcover,,,TRUE,,,,,,
review-sociality-habitat,robitalec,,2020-02-21T16:09:24.691Z,2023-12-08T23:01:03.660Z,https://gitlab.com/robitalec/review-sociality-habitat.git,https://gitlab.com/robitalec/review-sociality-habitat,,,,TRUE,,,,,
shiny-wg-randomizations,WEEL_grp,,2020-03-03T21:35:59.471Z,2023-12-09T15:43:22.434Z,https://gitlab.com/WEEL_grp/shiny-wg-randomizations.git,https://gitlab.com/WEEL_grp/shiny-wg-randomizations,,,,,,,TRUE,,
Moose StDM,jballuffi,"Analysis for moose foraging project with stoichiometric distribution models started in 2018. (MSc, Newfoundland).",2020-04-02T18:44:08.683Z,2023-12-09T23:42:51.467Z,https://gitlab.com/jballuffi/moose-stdm.git,https://gitlab.com/jballuffi/moose-stdm,,,,TRUE,,,,,
ordered_fr,WEEL_grp,,2020-05-07T22:36:39.450Z,2023-12-11T23:22:26.859Z,https://gitlab.com/WEEL_grp/ordered_fr.git,https://gitlab.com/WEEL_grp/ordered_fr,,,,TRUE,,,,,
elk_density_issa,WEEL_grp,,2020-05-07T23:37:51.385Z,2023-12-06T16:49:02.909Z,https://gitlab.com/WEEL_grp/elk_density_issa.git,https://gitlab.com/WEEL_grp/elk_density_issa,,,,TRUE,,,,,
WEEL Guide,weel,https://weel.gitlab.io/guide/,2020-05-09T13:29:57.906Z,2024-06-25T16:01:34.463Z,https://gitlab.com/weel/guide.git,https://gitlab.com/weel/guide,,,,,,,TRUE,,
bedsite_algorithm,ljnewediuk,,2020-05-11T13:23:17.310Z,2023-12-11T23:56:33.405Z,https://gitlab.com/ljnewediuk/bedsite_algorithm.git,https://gitlab.com/ljnewediuk/bedsite_algorithm,,,,TRUE,,,,,
caribou-ifd-gsh,wildlifeevoeco,:notebook: Geometry of the ideal free distribution: individual behavioural variation and annual reproductive success in aggregations of a social ungulate,2020-05-14T12:39:34Z,2023-09-01T20:22:19Z,https://github.com/wildlifeevoeco/caribou-ifd-gsh,https://doi.org/10.1111/ele.13563,,,TRUE,,,,,,
study-area-figs,wildlifeevoeco,:world_map:  Study area figures for the Wildlife Evolutionary Ecology Lab,2020-05-22T18:21:18Z,2021-10-22T21:19:28Z,https://github.com/wildlifeevoeco/study-area-figs,,,,,,,TRUE,TRUE,,
try-drake,robitalec,Learning the {{drake}} package,2020-06-16T15:19:13.867Z,2023-12-12T08:11:05.566Z,https://gitlab.com/robitalec/try-drake.git,https://gitlab.com/robitalec/try-drake,,,,,,TRUE,,,
try-rgee,robitalec,Learning the {{rgee}} package,2020-07-27T15:13:39.661Z,2023-12-12T17:44:31.663Z,https://gitlab.com/robitalec/try-rgee.git,https://gitlab.com/robitalec/try-rgee,,,,,,TRUE,,,
try-binder,robitalec,"Learning to use Binder + holepunch

https://mybinder.org/
https://karthik.github.io/holepunch/index.html",2020-07-29T15:23:04.269Z,2023-12-12T18:27:02.508Z,https://gitlab.com/robitalec/try-binder.git,https://gitlab.com/robitalec/try-binder,,,,,,TRUE,,,
some-reproducibility-example,robitalec,"Example project for Some Reproducibility workshop, split off into separate repository for Binder",2020-08-03T16:08:31.008Z,2023-12-08T09:50:28.118Z,https://gitlab.com/robitalec/some-reproducibility-example.git,https://gitlab.com/robitalec/some-reproducibility-example,,,,,TRUE,,,,
carpentries-training-sept-2020,robitalec,,2020-09-10T16:58:20.483Z,2023-12-13T02:04:48.951Z,https://gitlab.com/robitalec/carpentries-training-sept-2020.git,https://gitlab.com/robitalec/carpentries-training-sept-2020,,,,,TRUE,,,,
move,robitalec,,2020-09-24T17:15:31.564Z,2024-01-20T14:29:01.601Z,https://gitlab.com/robitalec/move.git,https://gitlab.com/robitalec/move,,,,TRUE,,,,,
try-targets,robitalec,"Learn the `targets` and `tarchetypes` packages

https://wlandau.github.io/targets/
https://wlandau.github.io/tarchetypes",2020-10-20T16:55:13.517Z,2024-01-20T02:03:35.964Z,https://gitlab.com/robitalec/try-targets.git,https://gitlab.com/robitalec/try-targets,,,,,,TRUE,,,TRUE
TrackingSnowmelt,wildlifeevoeco,":notebook: Repository for Laforge, Bonar & Vander Wal: Tracking snowmelt to jump the green wave: Phenological drivers of migration in a northern ungulate. Ecology.",2020-10-27T21:12:47Z,2021-09-20T13:32:54Z,https://github.com/wildlifeevoeco/TrackingSnowmelt,,,,TRUE,,,,,,
try-lit-search,robitalec,Learning to lit search in R,2020-11-19T22:56:51.955Z,2023-12-07T19:57:14.668Z,https://gitlab.com/robitalec/try-lit-search.git,https://gitlab.com/robitalec/try-lit-search,,,,,,TRUE,,,
Seasonality,WEEL_grp,GAMs and derivatives to find seasons,2020-11-30T03:31:00.441Z,2023-12-08T09:24:31.302Z,https://gitlab.com/WEEL_grp/seasonality.git,https://gitlab.com/WEEL_grp/seasonality,,,TRUE,,,,,,
compare-moose-rsf-survey,robitalec,,2020-12-18T17:29:21.620Z,2023-12-08T03:16:47.539Z,https://gitlab.com/robitalec/compare-moose-rsf-survey.git,https://gitlab.com/robitalec/compare-moose-rsf-survey,,,,,,TRUE,,,
targets-parameterized-bookdown,robitalec,"Example repository for rendering a bookdown book, compiling parameterized RMarkdown documents, using the targets package",2021-01-07T00:30:09.983Z,2024-01-11T01:28:58.159Z,https://gitlab.com/robitalec/targets-parameterized-bookdown.git,https://gitlab.com/robitalec/targets-parameterized-bookdown,,,,,,TRUE,,,TRUE
phd-manuscript,robitalec,,2021-01-08T22:53:01.364Z,2023-12-08T01:59:51.064Z,https://gitlab.com/robitalec/phd-manuscript.git,https://gitlab.com/robitalec/phd-manuscript,,,,TRUE,,,,,TRUE
socprod-extraction,robitalec,,2021-01-10T04:43:41.010Z,2024-05-21T15:29:44.147Z,https://gitlab.com/robitalec/socprod-extraction.git,https://gitlab.com/robitalec/socprod-extraction,,,,TRUE,,,,,TRUE
try-tesseract,robitalec,Reading text from images with the tesseract package!,2021-01-11T20:07:42.173Z,2024-01-20T00:57:58.618Z,https://gitlab.com/robitalec/try-tesseract.git,https://gitlab.com/robitalec/try-tesseract,,,,,,TRUE,,,
drought-sensitivity-refugia,robitalec,,2021-01-22T06:20:01.028Z,2024-06-03T13:36:01.348Z,https://gitlab.com/robitalec/drought-sensitivity-refugia.git,https://gitlab.com/robitalec/drought-sensitivity-refugia,,,,TRUE,,,,,TRUE
parsing-spatial-from-social-networks,robitalec,,2021-02-03T20:08:25.265Z,2024-01-20T01:44:43.671Z,https://gitlab.com/robitalec/parsing-spatial-from-social-networks.git,https://gitlab.com/robitalec/parsing-spatial-from-social-networks,,,,,,TRUE,,,TRUE
CaribouSwimming,wildlifeevoeco,:notebook: On the marginal value of swimming in woodland caribou,2021-02-22T18:52:42Z,2021-08-10T02:51:15Z,https://github.com/wildlifeevoeco/CaribouSwimming,https://doi.org/10.1002/ecy.3491,,,TRUE,,,,,,
hare-repro-tradeoffs,WEEL_grp,,2021-03-12T03:00:42.309Z,2024-01-20T20:02:10.377Z,https://gitlab.com/WEEL_grp/hare-repro-tradeoffs.git,https://gitlab.com/WEEL_grp/hare-repro-tradeoffs,,,TRUE,,,,,,
move-book,robitalec,:hammer_and_wrench:  Movebank dataset summarizer pipeline using targets and bookdown,2021-03-18T03:02:36Z,2023-04-19T17:43:32Z,https://github.com/robitalec/move-book,https://robitalec.github.io/move-book,,,,TRUE,,TRUE,,,
targets-spatsoc-networks,robitalec,":hammer_and_wrench: Example repository for generating networks using spatsoc, with a targets workflow",2021-03-20T03:41:05.371Z,2024-01-16T07:12:58.000Z,https://gitlab.com/robitalec/targets-spatsoc-networks.git,https://gitlab.com/robitalec/targets-spatsoc-networks,,,,,,TRUE,,,TRUE
state-dependent_HS,ljnewediuk,,2021-03-22T13:53:54.767Z,2024-01-11T06:38:17.693Z,https://gitlab.com/ljnewediuk/state-dependent_hs.git,https://gitlab.com/ljnewediuk/state-dependent_hs,,,,TRUE,,,,,
targets-tar_group-datatable,robitalec,,2021-03-30T21:51:01.435Z,2024-01-16T03:13:03.302Z,https://gitlab.com/robitalec/targets-tar_group-datatable.git,https://gitlab.com/robitalec/targets-tar_group-datatable,,,,,,TRUE,,,TRUE
site_fidelity,ljnewediuk,,2021-04-03T13:32:57.645Z,2024-01-12T09:21:04.838Z,https://gitlab.com/ljnewediuk/site_fidelity.git,https://gitlab.com/ljnewediuk/site_fidelity,,,,TRUE,,,,,
risk_behaviour_repro,ljnewediuk,,2021-04-16T17:39:09.379Z,2023-12-07T20:39:24.465Z,https://gitlab.com/ljnewediuk/risk_behaviour_repro.git,https://gitlab.com/ljnewediuk/risk_behaviour_repro,,,,TRUE,,,,,
try-dataspice,robitalec,,2021-05-26T16:00:14.088Z,2024-01-19T14:37:44.358Z,https://gitlab.com/robitalec/try-dataspice.git,https://gitlab.com/robitalec/try-dataspice,,,,,,TRUE,,,
plain-html,robitalec,Example plain HTML site using GitLab Pages: https://pages.gitlab.io/plain-html,2021-05-26T19:34:21.058Z,2024-01-20T20:31:14.198Z,https://gitlab.com/robitalec/plain-html.git,https://gitlab.com/robitalec/plain-html,,,,,,TRUE,,,
metadata,weel,https://weel.gitlab.io/metadata,2021-05-26T19:41:30.012Z,2024-01-11T21:15:07.039Z,https://gitlab.com/weel/metadata.git,https://gitlab.com/weel/metadata,,,,,,TRUE,TRUE,,
thesis-template,WEEL_grp,bookdown thesis template (an attempt) following MUN's thesis specifications,2021-06-10T18:19:24.042Z,2023-12-09T20:40:39.414Z,https://gitlab.com/WEEL_grp/thesis-template.git,https://gitlab.com/WEEL_grp/thesis-template,,,,,,TRUE,,,
customRmd,robitalec,,2021-06-12T00:53:59.017Z,2023-12-09T20:43:37.268Z,https://gitlab.com/robitalec/customRmd.git,https://gitlab.com/robitalec/customRmd,,,,,,TRUE,,,
targets-issa,robitalec,:hammer_and_wrench:   A targets workflow for integrated step selection analyses (iSSA),2021-06-15T19:49:52.983Z,2024-01-19T15:08:49.661Z,https://gitlab.com/robitalec/targets-amt-issa.git,https://gitlab.com/robitalec/targets-amt-issa,,,,,,TRUE,,,TRUE
distance-to,robitalec,:package: distanceto is an R package to calculate distances from point locations to features,2021-06-25T21:51:28Z,2024-10-16T18:15:28Z,https://github.com/robitalec/distance-to,https://robitalec.github.io/distance-to/,,,,,,TRUE,,TRUE,
socprod-model,robitalec,,2021-08-02T23:03:37.497Z,2024-01-11T08:06:11.615Z,https://gitlab.com/robitalec/socprod-model.git,https://gitlab.com/robitalec/socprod-model,,,,TRUE,,,,,TRUE
socprod-viz,robitalec,,2021-08-02T23:03:53.921Z,2024-01-20T08:14:46.115Z,https://gitlab.com/robitalec/socprod-viz.git,https://gitlab.com/robitalec/socprod-viz,,,,TRUE,,,,,TRUE
statistical-rethinking,robitalec,"Learning bayesian data analysis with Statistical Rethinking

https://www.statistical-rethinking.robitalec.ca/",2021-08-18T22:26:34.778Z,2024-01-20T23:25:47.746Z,https://gitlab.com/robitalec/statistical-rethinking.git,https://gitlab.com/robitalec/statistical-rethinking,,,,,TRUE,,,,
prepare-locs,robitalec,:hammer_and_wrench:   A targets workflow for processing animal relocation data for the WEEL.,2021-09-01T15:50:47Z,2022-08-02T11:27:18Z,https://github.com/robitalec/prepare-locs,,,,,,,TRUE,TRUE,,TRUE
guide,wildlifeevoeco,:book: Guide for students and friends of the Wildlife Evolutionary Ecology Lab,2021-09-29T00:12:55Z,2021-11-16T01:32:22Z,https://github.com/wildlifeevoeco/guide,https://weel.gitlab.io/guide/,,,,,,TRUE,TRUE,,
SnailPace,wildlifeevoeco,:notebook: At a snailâ€™s pace: the influence of habitat disturbance on terrestrial snail movement using experimentally manipulated mesocosms,2021-10-22T15:50:57Z,2021-10-22T17:58:55Z,https://github.com/wildlifeevoeco/SnailPace,https://zenodo.org/badge/latestdoi/420157151,,,TRUE,,,,,,
model-helpers,robitalec,,2021-10-27T16:58:17.245Z,2023-11-20T09:24:19.769Z,https://gitlab.com/robitalec/model-helpers.git,https://gitlab.com/robitalec/model-helpers,,,,,,TRUE,,,
GLMM-iSSA,katrienkingdon,,2021-10-27T16:58:59.214Z,2024-11-21T17:42:53.700Z,https://gitlab.com/katrienkingdon/glmm-issa.git,https://gitlab.com/katrienkingdon/glmm-issa,,,,TRUE,,,,,
SnowshoeHare_StressBehaviour,mpeers,"Analysis of hare cortisol, behaviour, and fitness",2021-10-27T17:13:20.999Z,2024-01-19T18:02:53.884Z,https://gitlab.com/mpeers/snowshoehare_stressbehaviour.git,https://gitlab.com/mpeers/snowshoehare_stressbehaviour,,,,TRUE,,,,,
2021-10-27-git-intro-penguins,WEEL_grp,"Penguins accompanying Introduction to Git workshop

https://slides.robitalec.ca/git-intro-slides",2021-10-27T17:32:17.422Z,2024-01-21T05:12:33.211Z,https://gitlab.com/WEEL_grp/2021-10-27-git-intro-penguins.git,https://gitlab.com/WEEL_grp/2021-10-27-git-intro-penguins,,,,,TRUE,,,,
open-animal-movement-data,robitalec,,2021-11-10T01:08:40.298Z,2023-12-08T21:11:15.201Z,https://gitlab.com/robitalec/open-animal-movement-data.git,https://gitlab.com/robitalec/open-animal-movement-data,,,,TRUE,,,,,TRUE
lit-base,robitalec,,2021-11-12T22:14:03.187Z,2024-10-28T16:07:40.437Z,https://gitlab.com/robitalec/lit-base.git,https://gitlab.com/robitalec/lit-base,,,,TRUE,,,,,
Example lit base,WEEL_grp,,2021-12-08T17:27:32.380Z,2023-12-08T21:14:34.994Z,https://gitlab.com/WEEL_grp/example-lit-base.git,https://gitlab.com/WEEL_grp/example-lit-base,,,,,TRUE,,,,
statistical-rethinking-colearning-2022,robitalec,Statistical Rethinking colearning 2022,2022-01-19T01:15:30.944Z,2023-11-20T22:25:35.595Z,https://gitlab.com/robitalec/statistical-rethinking-colearning-2022.git,https://gitlab.com/robitalec/statistical-rethinking-colearning-2022,,,,,TRUE,,,,
try-julia,robitalec,,2022-02-05T01:13:43.909Z,2023-11-24T01:06:31.108Z,https://gitlab.com/robitalec/try-julia.git,https://gitlab.com/robitalec/try-julia,,,,,,TRUE,,,
try-pymc,robitalec,,2022-02-07T03:13:17.866Z,2023-11-21T00:19:12.389Z,https://gitlab.com/robitalec/try-pymc.git,https://gitlab.com/robitalec/try-pymc,,,,,,TRUE,TRUE,,
CaribouDietReview,wildlifeevoeco,:notebook:  What do caribou eat? A review of the literature on caribou diet,2022-02-10T22:34:05Z,2022-02-10T22:39:44Z,https://github.com/wildlifeevoeco/CaribouDietReview,https://cdnsciencepub.com/doi/10.1139/cjz-2021-0162,,,TRUE,,,,,,
fogo-networks,WEEL_grp,,2022-02-15T17:36:38.987Z,2023-12-08T22:52:42.710Z,https://gitlab.com/WEEL_grp/fogo-networks.git,https://gitlab.com/WEEL_grp/fogo-networks,,,TRUE,,,,,,
rangifer-lit-revisited,WEEL_grp,,2022-03-23T15:59:13.717Z,2024-12-02T00:39:33.112Z,https://gitlab.com/WEEL_grp/rangifer-lit-revisited.git,https://gitlab.com/WEEL_grp/rangifer-lit-revisited,,,TRUE,,,,,,
elk-social-issa,WEEL_grp,,2022-03-24T17:14:55.867Z,2023-11-24T22:38:17.867Z,https://gitlab.com/WEEL_grp/elk-social-issa.git,https://gitlab.com/WEEL_grp/elk-social-issa,,,TRUE,,,,,,
bet-hedge-hares,WEEL_grp,,2022-04-20T13:28:29.416Z,2024-11-27T19:36:34.421Z,https://gitlab.com/WEEL_grp/bet-hedge-hares.git,https://gitlab.com/WEEL_grp/bet-hedge-hares,,,TRUE,,,,,,
comprehensive-exam,robitalec,Comprehensive exam: social foraging and habitat selection,2022-07-28T17:45:55Z,2023-04-18T14:15:52Z,https://github.com/robitalec/comprehensive-exam,https://robitalec.gitlab.io/comprehensive-exam/,,,,TRUE,,,,,
WildPigSpatiotemporalCompetition,wildlifeevoeco,:notebook: Variation in spatiotemporal activity may reduce competitive interactions between invasive wild pigs (Sus scrofa) and native mammal species,2022-09-22T16:49:42Z,2023-11-06T13:59:43Z,https://github.com/wildlifeevoeco/WildPigSpatiotemporalCompetition,https://doi.org/10.1139.CJZ-2022-0145,,,TRUE,,,,,,
try-pointblank,robitalec,,2022-12-22T13:38:31.715Z,2023-11-12T04:08:16.844Z,https://gitlab.com/robitalec/try-pointblank.git,https://gitlab.com/robitalec/try-pointblank,,,,,,TRUE,TRUE,,
Plasticity-repeatability-migration-parturition,wildlifeevoeco,Code and data for Laforge et al 2023 (Journal of Animal Ecology) - Plasticity and repeatability in spring migration and parturition dates with implications for annual reproductive success,2023-02-27T23:09:11Z,2023-02-27T23:15:00Z,https://github.com/wildlifeevoeco/Plasticity-repeatability-migration-parturition,,,,TRUE,,,,,,
TNNP RSF,WEEL_grp,,2023-05-01T12:20:26.688Z,2023-10-23T21:39:45.735Z,https://gitlab.com/WEEL_grp/TNNP-RSF.git,https://gitlab.com/WEEL_grp/TNNP-RSF,,,TRUE,,,,,,
statistical-rethinking-colearning-2023,robitalec,,2023-05-08T13:26:16.595Z,2023-11-01T16:27:51.295Z,https://gitlab.com/robitalec/statistical-rethinking-colearning-2023.git,https://gitlab.com/robitalec/statistical-rethinking-colearning-2023,,,,,TRUE,,TRUE,,TRUE
spatsoc-paper-2,robitalec,,2023-05-08T13:31:50.270Z,2024-11-25T19:01:17.058Z,https://gitlab.com/robitalec/spatsoc-paper-2.git,https://gitlab.com/robitalec/spatsoc-paper-2,,,,TRUE,,,,,TRUE
2023-CSEE-reproducible-workflows-workshop,robitalec,":memo: Developing a reproducible workflow in R using functions, {targets} and {renv}",2023-05-12T16:58:36Z,2024-04-19T13:55:10Z,https://github.com/robitalec/2023-CSEE-reproducible-workflows-workshop,https://robitalec.github.io/2023-CSEE-reproducible-workflows-workshop/,,,,,TRUE,,,,
camera-trap-monitoring,WEEL_grp,,2023-07-07T12:58:12.899Z,2024-06-25T13:57:01.695Z,https://gitlab.com/WEEL_grp/camera-trap-monitoring.git,https://gitlab.com/WEEL_grp/camera-trap-monitoring,,,TRUE,,,,,,
FogoFissionFusion,wildlifeevoeco,":notebook: Environmental, social, and morphological drivers of fission-fusion dynamics in a social ungulate",2023-07-13T22:54:52Z,2023-07-14T00:13:44Z,https://github.com/wildlifeevoeco/FogoFissionFusion,https://doi.org/10.5281/zenodo.8145417,,,TRUE,,,,,,
UncertaintyDuringMigration,wildlifeevoeco,:notebook: Uncertainty on migration: selecting predictable resources in unpredictable conditions,2023-07-25T17:39:37Z,2023-07-25T17:50:20Z,https://github.com/wildlifeevoeco/UncertaintyDuringMigration,https://doi.org/10.5281/zenodo.8184481,,,TRUE,,,,,,
wg,WEEL_grp,https://robitalec.shinyapps.io/Writing-group-randomizations/,2023-08-25T19:30:25.331Z,2023-11-01T22:03:25.431Z,https://gitlab.com/WEEL_grp/wg.git,https://gitlab.com/WEEL_grp/wg,,,,,,,TRUE,,
social-fidelity,jghendrix,,2023-08-28T12:11:35.925Z,2024-05-09T16:25:57.704Z,https://gitlab.com/jghendrix/social-fidelity.git,https://gitlab.com/jghendrix/social-fidelity,,,,TRUE,,,,,
Spatial social thought experiment,WEEL_grp,,2023-09-11T13:14:08.576Z,2023-11-02T16:26:44.159Z,https://gitlab.com/WEEL_grp/spatial-social-thought-experiment.git,https://gitlab.com/WEEL_grp/spatial-social-thought-experiment,,,,TRUE,,,,,
NL-caribou-networks,jghendrix,,2023-09-15T16:42:58.311Z,2023-10-23T19:30:24.944Z,https://gitlab.com/jghendrix/nl-caribou-networks.git,https://gitlab.com/jghendrix/nl-caribou-networks,,,,TRUE,,,,,
wolf-pack-akde,WEEL_grp,,2023-10-06T15:25:02.204Z,2023-10-06T16:31:27.698Z,https://gitlab.com/WEEL_grp/wolf-pack-akde.git,https://gitlab.com/WEEL_grp/wolf-pack-akde,,,TRUE,,,,,,
statistical-rethinking-colearning-2024,robitalec,,2024-01-18T17:00:08.942Z,2024-01-18T17:00:11.711Z,https://gitlab.com/robitalec/statistical-rethinking-colearning-2024.git,https://gitlab.com/robitalec/statistical-rethinking-colearning-2024,,,,,TRUE,,TRUE,,TRUE
Fogo Camera Traps,WEEL_grp,Camera trap planning on Fogo,2024-01-24T15:35:01.878Z,2024-03-04T22:00:58.174Z,https://gitlab.com/WEEL_grp/fogo-camera-traps.git,https://gitlab.com/WEEL_grp/fogo-camera-traps,,,TRUE,,,,,,
Camera Flight Comparison,WEEL_grp,,2024-01-30T17:22:56.144Z,2024-01-31T17:03:01.634Z,https://gitlab.com/WEEL_grp/camera-flight-comparison.git,https://gitlab.com/WEEL_grp/camera-flight-comparison,,,TRUE,,,,,,
FriendsBecauseOfFoes,wildlifeevoeco,:notebook:  Friends because of foes: synchronous movement within predator-prey domains,2024-02-14T17:35:10Z,2024-02-14T18:16:24Z,https://github.com/wildlifeevoeco/FriendsBecauseOfFoes,,,,TRUE,,,,,,
colearning,weel,,2024-06-24T13:39:59.093Z,2024-06-24T13:40:01.049Z,https://gitlab.com/weel/colearning.git,https://gitlab.com/weel/colearning,,,,,TRUE,,,,